Type,Usage
CPU,1.63934
RAM,19.0744
Disk,0.241373
