{
  "cpu": 0.826446,
  "ram": 19.0849,
  "disk": 0.241372
}
